-- phpMyAdmin SQL Dump
-- version 4.6.5.2
-- https://www.phpmyadmin.net/
--
-- Servidor: 127.0.0.1
-- Tiempo de generación: 07-07-2017 a las 03:09:25
-- Versión del servidor: 10.1.21-MariaDB
-- Versión de PHP: 5.6.30

SET SQL_MODE = "NO_AUTO_VALUE_ON_ZERO";
SET time_zone = "+00:00";


/*!40101 SET @OLD_CHARACTER_SET_CLIENT=@@CHARACTER_SET_CLIENT */;
/*!40101 SET @OLD_CHARACTER_SET_RESULTS=@@CHARACTER_SET_RESULTS */;
/*!40101 SET @OLD_COLLATION_CONNECTION=@@COLLATION_CONNECTION */;
/*!40101 SET NAMES utf8mb4 */;

--
-- Base de datos: `trazabilidad`
--

-- --------------------------------------------------------

--
-- Estructura de tabla para la tabla `abscisas`
--

CREATE TABLE `abscisas` (
  `descripcion` varchar(45) DEFAULT 'sin descripción',
  `idAbscisa` int(11) NOT NULL,
  `nombre` varchar(45) NOT NULL,
  `volumen_llenado_teorico` decimal(10,2) NOT NULL DEFAULT '0.00',
  `volumen_excavado_teorico` decimal(10,2) NOT NULL DEFAULT '0.00',
  `estadoAbscisa` tinyint(1) NOT NULL DEFAULT '1',
  `volumen_excavado_obra` decimal(10,2) NOT NULL DEFAULT '0.00',
  `volumen_llenado_obra` decimal(10,2) NOT NULL DEFAULT '0.00'
) ENGINE=InnoDB DEFAULT CHARSET=utf8;

--
-- Volcado de datos para la tabla `abscisas`
--

INSERT INTO `abscisas` (`descripcion`, `idAbscisa`, `nombre`, `volumen_llenado_teorico`, `volumen_excavado_teorico`, `estadoAbscisa`, `volumen_excavado_obra`, `volumen_llenado_obra`) VALUES
('E', 53, 'K37+540', '181.00', '86.10', 1, '101.50', '186.00'),
('LD', 55, 'K39+500', '1800.00', '0.00', 1, '0.00', '0.00'),
('3378726', 57, 'Cantera REX', '0.00', '0.00', 3, '0.00', '0.00'),
('6457895', 58, 'Inversiones y Materiales Petreos S.A.S', '0.00', '0.00', 3, '0.00', '0.00'),
('LD', 59, 'K37+550', '203.30', '99.30', 1, '117.80', '208.30'),
('LD', 60, 'K37+560', '201.40', '103.50', 1, '117.30', '206.60'),
('LD', 61, 'K37+570', '197.30', '89.20', 1, '100.50', '202.70'),
('LD', 62, 'K37+580', '188.90', '76.30', 1, '99.00', '199.10'),
('LD', 63, 'K37+590', '189.00', '79.40', 1, '105.50', '198.50'),
('LD', 64, 'K37+600', '197.00', '79.20', 1, '101.00', '201.50'),
('LD', 65, 'K37+610', '196.90', '72.80', 1, '91.30', '201.90'),
('LD', 66, 'K37+620', '194.90', '73.50', 1, '90.50', '200.10'),
('LD', 67, 'K37+630', '192.10', '67.90', 1, '85.30', '197.50'),
('LD', 68, 'K37+640', '195.70', '65.30', 1, '83.00', '201.20'),
('LD', 69, 'K37+650', '196.30', '66.90', 1, '90.00', '201.90');

-- --------------------------------------------------------

--
-- Estructura de tabla para la tabla `choferes`
--

CREATE TABLE `choferes` (
  `cedula` int(11) NOT NULL,
  `nombre` varchar(45) NOT NULL,
  `telefono` varchar(45) DEFAULT NULL,
  `idChofer` int(11) NOT NULL,
  `estadoChofer` tinyint(1) NOT NULL DEFAULT '1'
) ENGINE=InnoDB DEFAULT CHARSET=utf8;

--
-- Volcado de datos para la tabla `choferes`
--

INSERT INTO `choferes` (`cedula`, `nombre`, `telefono`, `idChofer`, `estadoChofer`) VALUES
(18222344, 'MARIO ALBERTO RUIZ', '3102404850', 41, 1),
(10328140, 'YESI RAMIREZ', '3008446220', 42, 1),
(27350430, 'OSCAR MARIO DUARTE', '3204153380', 43, 1),
(10121989, 'DANILO SANCHEZ', '3187354021', 44, 1),
(18328452, 'CAMILO MARTINEZ', '3169741522', 45, 1),
(27328410, 'JOSE LUIS GARCIA', '3013348520', 46, 1),
(1018432120, 'ALEJANDRO RUIZ', '3021452354', 47, 1),
(12133487, 'ANDRES ROMERO', '3149238430', 48, 1),
(1064228333, 'YEISON TORRES', '3016842379', 49, 1),
(1035433515, 'DANIEL RIVEROS', '3108903154', 50, 1),
(1075321415, 'NEYDER YOHAN GARCIA', '3114283259', 51, 1),
(18230149, 'MARCO AURELIO SUAREZ', '3101218319', 52, 1),
(7534281, 'CARLOS MARIO GUTIERREZ', '3112843564', 53, 1),
(1074323430, 'EDWIN SAMIR LOPEZ', '3133284314', 54, 1),
(7320144, 'LUIS CARLOS MONROY', '3144283121', 55, 1);

-- --------------------------------------------------------

--
-- Estructura de tabla para la tabla `empresas`
--

CREATE TABLE `empresas` (
  `idEmpresa` int(11) NOT NULL,
  `nombre` varchar(45) NOT NULL,
  `estadoEmpresa` int(11) NOT NULL DEFAULT '1',
  `direccion` varchar(50) NOT NULL
) ENGINE=InnoDB DEFAULT CHARSET=utf8;

--
-- Volcado de datos para la tabla `empresas`
--

INSERT INTO `empresas` (`idEmpresa`, `nombre`, `estadoEmpresa`, `direccion`) VALUES
(18, 'RCA TRANSPORTES S.A.S', 1, '6153028'),
(19, 'TRANS-MATERIALES S.A.S', 1, '2643120'),
(20, 'CERON INGENIERIA S.A.S', 1, '2307015');

-- --------------------------------------------------------

--
-- Estructura de tabla para la tabla `materiales`
--

CREATE TABLE `materiales` (
  `idMaterial` int(11) NOT NULL,
  `nombre` varchar(45) NOT NULL,
  `descripcion` varchar(80) NOT NULL,
  `compactacion` decimal(10,2) NOT NULL DEFAULT '0.00',
  `precio` decimal(10,2) NOT NULL DEFAULT '0.00'
) ENGINE=InnoDB DEFAULT CHARSET=utf8;

--
-- Volcado de datos para la tabla `materiales`
--

INSERT INTO `materiales` (`idMaterial`, `nombre`, `descripcion`, `compactacion`, `precio`) VALUES
(2, 'Base', 'material', '1.30', '82000.00'),
(3, 'Sub-base', 'material', '1.30', '65000.00'),
(4, 'Filtrante', 'material', '0.00', '70000.00'),
(5, 'Terraplen', 'material', '1.30', '35000.00'),
(6, 'Material_Comun', 'material', '0.00', '13500.00'),
(7, 'Pedraplen', 'material', '3.50', '87000.00');

-- --------------------------------------------------------

--
-- Estructura de tabla para la tabla `obra`
--

CREATE TABLE `obra` (
  `nombreObra` varchar(40) NOT NULL,
  `Responsable` varchar(40) DEFAULT NULL,
  `idObra` int(11) NOT NULL,
  `estadoObra` int(1) DEFAULT '1'
) ENGINE=InnoDB DEFAULT CHARSET=latin1;

-- --------------------------------------------------------

--
-- Estructura de tabla para la tabla `user`
--

CREATE TABLE `user` (
  `name` int(11) NOT NULL,
  `code` varchar(45) NOT NULL
) ENGINE=InnoDB DEFAULT CHARSET=utf8;

-- --------------------------------------------------------

--
-- Estructura de tabla para la tabla `vehiculos_transporte`
--

CREATE TABLE `vehiculos_transporte` (
  `placa` varchar(6) NOT NULL,
  `cantidad_viajes` int(11) NOT NULL DEFAULT '0',
  `volumen_carga` decimal(15,2) NOT NULL,
  `costo_acarreo` decimal(15,2) NOT NULL,
  `idEmpresa` int(11) DEFAULT NULL,
  `idVehiculo` int(11) NOT NULL,
  `Choferes_idChofer` int(11) NOT NULL,
  `estado` tinyint(1) NOT NULL DEFAULT '1'
) ENGINE=InnoDB DEFAULT CHARSET=utf8;

--
-- Volcado de datos para la tabla `vehiculos_transporte`
--

INSERT INTO `vehiculos_transporte` (`placa`, `cantidad_viajes`, `volumen_carga`, `costo_acarreo`, `idEmpresa`, `idVehiculo`, `Choferes_idChofer`, `estado`) VALUES
('SRQ229', 39, '14.50', '245000.00', 18, 55, 41, 1),
('STO384', 32, '14.50', '245000.00', 18, 56, 42, 1),
('SRV121', 36, '14.50', '245000.00', 18, 57, 43, 1),
('SRM032', 35, '14.50', '245000.00', 18, 58, 44, 1),
('SQR454', 34, '14.50', '245000.00', 18, 59, 45, 1),
('SQR523', 34, '14.50', '245000.00', 19, 60, 46, 1),
('SRT945', 37, '14.50', '245000.00', 19, 61, 47, 1),
('SRO464', 36, '14.50', '245000.00', 19, 62, 48, 1),
('SNR316', 31, '14.50', '245000.00', 19, 63, 49, 1),
('SRT726', 31, '14.50', '245000.00', 19, 64, 50, 1),
('SPQ616', 33, '14.50', '245000.00', 20, 65, 51, 1),
('SRO832', 32, '14.50', '245000.00', 20, 66, 52, 1),
('SRM538', 34, '14.50', '245000.00', 20, 67, 53, 1),
('SMN443', 35, '14.50', '245000.00', 20, 68, 54, 1),
('SRN322', 28, '14.50', '245000.00', 20, 69, 55, 1);

-- --------------------------------------------------------

--
-- Estructura de tabla para la tabla `vehiculo_transporte_material`
--

CREATE TABLE `vehiculo_transporte_material` (
  `fecha` date NOT NULL,
  `numeroRecibo` varchar(10) NOT NULL,
  `observaciones` varchar(45) DEFAULT NULL,
  `idVehiculo` int(11) NOT NULL,
  `idMaterial` int(11) NOT NULL,
  `id_abscisa_cargue` int(11) NOT NULL,
  `id_abscisa_descargue` int(11) NOT NULL,
  `cantidadMaterial` decimal(10,2) NOT NULL,
  `estadoTrans` int(11) NOT NULL DEFAULT '1'
) ENGINE=InnoDB DEFAULT CHARSET=utf8;

--
-- Volcado de datos para la tabla `vehiculo_transporte_material`
--

INSERT INTO `vehiculo_transporte_material` (`fecha`, `numeroRecibo`, `observaciones`, `idVehiculo`, `idMaterial`, `id_abscisa_cargue`, `id_abscisa_descargue`, `cantidadMaterial`, `estadoTrans`) VALUES
('2016-03-28', 'Nº 0147', NULL, 57, 7, 57, 63, '14.50', 1),
('2016-03-17', 'Nº0001', NULL, 55, 6, 53, 55, '14.50', 1),
('2016-03-17', 'Nº0002', NULL, 56, 6, 53, 55, '14.50', 1),
('2016-03-17', 'Nº0003', NULL, 65, 6, 53, 55, '14.50', 1),
('2016-03-17', 'Nº0004', NULL, 66, 6, 53, 55, '14.50', 1),
('2016-03-17', 'Nº0005', NULL, 60, 6, 53, 55, '14.50', 1),
('2016-03-17', 'Nº0006', NULL, 61, 6, 53, 55, '14.50', 1),
('2016-03-17', 'Nº0007', NULL, 57, 6, 53, 55, '14.50', 1),
('2016-03-17', 'Nº0008', NULL, 58, 6, 53, 55, '14.50', 1),
('2016-03-17', 'Nº0009', NULL, 67, 6, 53, 55, '14.50', 1),
('2016-03-17', 'Nº0010', NULL, 68, 6, 59, 55, '14.50', 1),
('2016-03-17', 'Nº0011', NULL, 62, 6, 59, 55, '14.50', 1),
('2016-03-17', 'Nº0012', NULL, 63, 6, 59, 55, '14.50', 1),
('2016-03-17', 'Nº0013', NULL, 59, 6, 59, 55, '14.50', 1),
('2016-03-17', 'Nº0014', NULL, 69, 6, 59, 55, '14.50', 1),
('2016-03-17', 'Nº0015', NULL, 64, 6, 59, 55, '14.50', 1),
('2016-03-17', 'Nº0016', NULL, 55, 6, 59, 55, '14.50', 1),
('2016-03-17', 'Nº0017', NULL, 65, 6, 59, 55, '14.50', 1),
('2016-03-17', 'Nº0018', NULL, 60, 6, 59, 55, '14.50', 1),
('2016-03-17', 'Nº0019', NULL, 57, 6, 59, 55, '14.50', 1),
('2016-03-17', 'Nº0020', NULL, 68, 6, 59, 55, '14.50', 1),
('2016-03-18', 'Nº0021', NULL, 64, 6, 60, 55, '14.50', 1),
('2016-03-18', 'Nº0022', NULL, 69, 6, 60, 55, '14.50', 1),
('2016-03-18', 'Nº0023', NULL, 59, 6, 60, 55, '14.50', 1),
('2016-03-18', 'Nº0024', NULL, 63, 6, 60, 55, '14.50', 1),
('2016-03-18', 'Nº0025', NULL, 62, 6, 60, 55, '14.50', 1),
('2016-03-18', 'Nº0026', NULL, 68, 6, 60, 55, '14.50', 1),
('2016-03-18', 'Nº0027', NULL, 67, 6, 60, 55, '14.50', 1),
('2016-03-18', 'Nº0028', NULL, 58, 6, 60, 55, '14.50', 1),
('2016-03-18', 'Nº0029', NULL, 57, 6, 60, 55, '14.50', 1),
('2016-03-18', 'Nº0030', NULL, 61, 6, 60, 55, '14.50', 1),
('2016-03-18', 'Nº0031', NULL, 60, 6, 60, 55, '14.50', 1),
('2016-03-18', 'Nº0032', NULL, 66, 6, 61, 55, '14.50', 1),
('2016-03-18', 'Nº0033', NULL, 55, 6, 61, 55, '14.50', 1),
('2016-03-18', 'Nº0034', NULL, 56, 6, 61, 55, '14.50', 1),
('2016-03-18', 'Nº0035', NULL, 55, 6, 61, 55, '14.50', 1),
('2016-03-18', 'Nº0036', NULL, 64, 6, 61, 55, '14.50', 1),
('2016-03-18', 'Nº0037', NULL, 59, 6, 61, 55, '14.50', 1),
('2016-03-18', 'Nº0038', NULL, 62, 6, 61, 55, '14.50', 1),
('2016-03-18', 'Nº0039', NULL, 67, 6, 61, 55, '14.50', 1),
('2016-03-18', 'Nº0040', NULL, 61, 6, 61, 55, '14.50', 1),
('2016-03-19', 'Nº0041', NULL, 60, 6, 62, 55, '14.50', 1),
('2016-03-19', 'Nº0042', NULL, 61, 6, 62, 55, '14.50', 1),
('2016-03-19', 'Nº0043', NULL, 57, 6, 62, 55, '14.50', 1),
('2016-03-19', 'Nº0044', NULL, 58, 6, 62, 55, '14.50', 1),
('2016-03-19', 'Nº0045', NULL, 67, 6, 62, 55, '14.50', 1),
('2016-03-19', 'Nº0046', NULL, 68, 6, 62, 55, '14.50', 1),
('2016-03-19', 'Nº0047', NULL, 55, 6, 62, 55, '14.50', 1),
('2016-03-19', 'Nº0048', NULL, 56, 6, 62, 55, '14.50', 1),
('2016-03-19', 'Nº0049', NULL, 65, 6, 62, 55, '14.50', 1),
('2016-03-19', 'Nº0050', NULL, 66, 6, 63, 55, '14.50', 1),
('2016-03-19', 'Nº0051', NULL, 62, 6, 63, 55, '14.50', 1),
('2016-03-19', 'Nº0052', NULL, 63, 6, 63, 55, '14.50', 1),
('2016-03-19', 'Nº0053', NULL, 59, 6, 63, 55, '14.50', 1),
('2016-03-19', 'Nº0054', NULL, 69, 6, 63, 55, '14.50', 1),
('2016-03-19', 'Nº0055', NULL, 64, 6, 63, 55, '14.50', 1),
('2016-03-19', 'Nº0056', NULL, 60, 6, 63, 55, '14.50', 1),
('2016-03-19', 'Nº0057', NULL, 57, 6, 63, 55, '14.50', 1),
('2016-03-19', 'Nº0058', NULL, 67, 6, 63, 55, '14.50', 1),
('2016-03-19', 'Nº0059', NULL, 55, 6, 64, 55, '14.50', 1),
('2016-03-19', 'Nº0060', NULL, 62, 6, 64, 55, '14.50', 1),
('2016-03-20', 'Nº0061', NULL, 55, 6, 64, 55, '14.50', 1),
('2016-03-20', 'Nº0062', NULL, 56, 6, 64, 55, '14.50', 1),
('2016-03-20', 'Nº0063', NULL, 65, 6, 64, 55, '14.50', 1),
('2016-03-20', 'Nº0064', NULL, 66, 6, 64, 55, '14.50', 1),
('2016-03-20', 'Nº0065', NULL, 60, 6, 64, 55, '14.50', 1),
('2016-03-20', 'Nº0066', NULL, 61, 6, 64, 55, '14.50', 1),
('2016-03-20', 'Nº0067', NULL, 57, 6, 64, 55, '14.50', 1),
('2016-03-20', 'Nº0068', NULL, 58, 6, 65, 55, '14.50', 1),
('2016-03-20', 'Nº0069', NULL, 67, 6, 65, 55, '14.50', 1),
('2016-03-20', 'Nº0070', NULL, 68, 6, 65, 55, '14.50', 1),
('2016-03-20', 'Nº0071', NULL, 62, 6, 65, 55, '14.50', 1),
('2016-03-20', 'Nº0072', NULL, 63, 6, 65, 55, '14.50', 1),
('2016-03-20', 'Nº0073', NULL, 59, 6, 65, 55, '14.50', 1),
('2016-03-20', 'Nº0074', NULL, 69, 6, 65, 55, '14.50', 1),
('2016-03-20', 'Nº0075', NULL, 64, 6, 65, 55, '14.50', 1),
('2016-03-20', 'Nº0076', NULL, 56, 6, 66, 55, '14.50', 1),
('2016-03-20', 'Nº0077', NULL, 66, 6, 66, 55, '14.50', 1),
('2016-03-20', 'Nº0078', NULL, 61, 6, 66, 55, '14.50', 1),
('2016-03-20', 'Nº0079', NULL, 58, 6, 66, 55, '14.50', 1),
('2016-03-20', 'Nº0080', NULL, 68, 6, 66, 55, '14.50', 1),
('2016-03-21', 'Nº0081', NULL, 64, 6, 66, 55, '14.50', 1),
('2016-03-21', 'Nº0082', NULL, 69, 6, 66, 55, '14.50', 1),
('2016-03-21', 'Nº0083', NULL, 59, 6, 66, 55, '14.50', 1),
('2016-03-21', 'Nº0084', NULL, 63, 6, 67, 55, '14.50', 1),
('2016-03-21', 'Nº0085', NULL, 62, 6, 67, 55, '14.50', 1),
('2016-03-21', 'Nº0086', NULL, 68, 6, 67, 55, '14.50', 1),
('2016-03-21', 'Nº0087', NULL, 67, 6, 67, 55, '14.50', 1),
('2016-03-21', 'Nº0088', NULL, 58, 6, 67, 55, '14.50', 1),
('2016-03-21', 'Nº0089', NULL, 57, 6, 67, 55, '14.50', 1),
('2016-03-21', 'Nº0090', NULL, 61, 6, 67, 55, '14.50', 1),
('2016-03-21', 'Nº0091', NULL, 60, 6, 67, 55, '14.50', 1),
('2016-03-21', 'Nº0092', NULL, 66, 6, 68, 55, '14.50', 1),
('2016-03-21', 'Nº0093', NULL, 65, 6, 68, 55, '14.50', 1),
('2016-03-21', 'Nº0094', NULL, 56, 6, 68, 55, '14.50', 1),
('2016-03-21', 'Nº0095', NULL, 55, 6, 68, 55, '14.50', 1),
('2016-03-21', 'Nº0096', NULL, 64, 6, 68, 55, '14.50', 1),
('2016-03-21', 'Nº0097', NULL, 59, 6, 68, 55, '14.50', 1),
('2016-03-21', 'Nº0098', NULL, 62, 6, 68, 55, '14.50', 1),
('2016-03-21', 'Nº0099', NULL, 67, 6, 68, 55, '14.50', 1),
('2016-03-21', 'Nº0100', NULL, 61, 6, 69, 55, '14.50', 1),
('2016-03-25', 'Nº0101', NULL, 55, 7, 57, 53, '14.50', 1),
('2016-03-25', 'Nº0102', NULL, 56, 7, 57, 53, '14.50', 1),
('2016-03-25', 'Nº0103', NULL, 65, 7, 57, 53, '14.50', 1),
('2016-03-25', 'Nº0104', NULL, 66, 7, 57, 53, '14.50', 1),
('2016-03-25', 'Nº0105', NULL, 60, 7, 57, 53, '14.50', 1),
('2016-03-25', 'Nº0106', NULL, 61, 7, 57, 53, '14.50', 1),
('2016-03-25', 'Nº0107', NULL, 57, 7, 57, 53, '14.50', 1),
('2016-03-25', 'Nº0108', NULL, 58, 7, 57, 53, '14.50', 1),
('2016-03-25', 'Nº0109', NULL, 67, 7, 57, 53, '14.50', 1),
('2016-03-25', 'Nº0110', NULL, 68, 7, 57, 59, '14.50', 1),
('2016-03-25', 'Nº0111', NULL, 62, 7, 57, 59, '14.50', 1),
('2016-03-25', 'Nº0112', NULL, 63, 7, 57, 59, '14.50', 1),
('2016-03-25', 'Nº0113', NULL, 59, 7, 57, 59, '14.50', 1),
('2016-03-25', 'Nº0114', NULL, 69, 7, 57, 59, '14.50', 1),
('2016-03-25', 'Nº0115', NULL, 64, 7, 57, 59, '14.50', 1),
('2016-03-26', 'Nº0116', NULL, 64, 7, 57, 59, '14.50', 1),
('2016-03-26', 'Nº0117', NULL, 69, 7, 57, 59, '14.50', 1),
('2016-03-26', 'Nº0118', NULL, 59, 7, 57, 59, '14.50', 1),
('2016-03-26', 'Nº0119', NULL, 63, 7, 57, 60, '14.50', 1),
('2016-03-26', 'Nº0120', NULL, 62, 7, 57, 60, '14.50', 1),
('2016-03-26', 'Nº0121', NULL, 68, 7, 57, 60, '14.50', 1),
('2016-03-26', 'Nº0122', NULL, 67, 7, 57, 60, '14.50', 1),
('2016-03-26', 'Nº0123', NULL, 58, 7, 57, 60, '14.50', 1),
('2016-03-26', 'Nº0124', NULL, 57, 7, 57, 60, '14.50', 1),
('2016-03-26', 'Nº0125', NULL, 61, 7, 57, 60, '14.50', 1),
('2016-03-26', 'Nº0126', NULL, 60, 7, 57, 60, '14.50', 1),
('2016-03-26', 'Nº0127', NULL, 66, 7, 57, 60, '14.50', 1),
('2016-03-26', 'Nº0128', NULL, 65, 7, 57, 61, '14.50', 1),
('2016-03-26', 'Nº0129', NULL, 56, 7, 57, 61, '14.50', 1),
('2016-03-26', 'Nº0130', NULL, 55, 7, 57, 61, '14.50', 1),
('2016-03-27', 'Nº0131', NULL, 67, 7, 57, 61, '14.50', 1),
('2016-03-27', 'Nº0132', NULL, 68, 7, 57, 61, '14.50', 1),
('2016-03-27', 'Nº0133', NULL, 62, 7, 57, 61, '14.50', 1),
('2016-03-27', 'Nº0134', NULL, 63, 7, 57, 61, '14.50', 1),
('2016-03-27', 'Nº0135', NULL, 59, 7, 57, 61, '14.50', 1),
('2016-03-27', 'Nº0136', NULL, 69, 7, 57, 61, '14.50', 1),
('2016-03-27', 'Nº0137', NULL, 64, 7, 57, 62, '14.50', 1),
('2016-03-27', 'Nº0138', NULL, 55, 7, 57, 62, '14.50', 1),
('2016-03-27', 'Nº0139', NULL, 56, 7, 57, 62, '14.50', 1),
('2016-03-27', 'Nº0140', NULL, 65, 7, 57, 62, '14.50', 1),
('2016-03-27', 'Nº0141', NULL, 66, 7, 57, 62, '14.50', 1),
('2016-03-27', 'Nº0142', NULL, 60, 7, 57, 62, '14.50', 1),
('2016-03-27', 'Nº0143', NULL, 61, 7, 57, 62, '14.50', 1),
('2016-03-27', 'Nº0144', NULL, 57, 7, 57, 62, '14.50', 1),
('2016-03-27', 'Nº0145', NULL, 58, 7, 57, 62, '14.50', 1),
('2016-03-28', 'Nº0146', NULL, 58, 7, 57, 63, '14.50', 1),
('2016-03-28', 'Nº0148', NULL, 61, 7, 57, 63, '14.50', 1),
('2016-03-28', 'Nº0149', NULL, 60, 7, 57, 63, '14.50', 1),
('2016-03-28', 'Nº0150', NULL, 66, 7, 57, 63, '14.50', 1),
('2016-03-28', 'Nº0151', NULL, 65, 7, 57, 63, '14.50', 1),
('2016-03-28', 'Nº0152', NULL, 56, 7, 57, 63, '14.50', 1),
('2016-03-28', 'Nº0153', NULL, 55, 7, 57, 63, '14.50', 1),
('2016-03-28', 'Nº0154', NULL, 67, 7, 57, 63, '14.50', 1),
('2016-03-28', 'Nº0155', NULL, 68, 7, 57, 64, '14.50', 1),
('2016-03-28', 'Nº0156', NULL, 62, 7, 57, 64, '14.50', 1),
('2016-03-28', 'Nº0157', NULL, 63, 7, 57, 64, '14.50', 1),
('2016-03-28', 'Nº0158', NULL, 59, 7, 57, 64, '14.50', 1),
('2016-03-28', 'Nº0159', NULL, 69, 7, 57, 64, '14.50', 1),
('2016-03-28', 'Nº0160', NULL, 64, 7, 57, 64, '14.50', 1),
('2016-03-30', 'Nº0161', NULL, 55, 7, 57, 64, '14.50', 1),
('2016-03-30', 'Nº0162', NULL, 56, 7, 57, 64, '14.50', 1),
('2016-03-30', 'Nº0163', NULL, 65, 7, 57, 64, '14.50', 1),
('2016-03-30', 'Nº0164', NULL, 66, 7, 57, 65, '14.50', 1),
('2016-03-30', 'Nº0165', NULL, 55, 7, 57, 65, '14.50', 1),
('2016-03-30', 'Nº0166', NULL, 61, 7, 57, 65, '14.50', 1),
('2016-03-30', 'Nº0167', NULL, 57, 7, 57, 65, '14.50', 1),
('2016-03-30', 'Nº0168', NULL, 58, 7, 57, 65, '14.50', 1),
('2016-03-30', 'Nº0169', NULL, 67, 7, 57, 65, '14.50', 1),
('2016-03-30', 'Nº0170', NULL, 68, 7, 57, 65, '14.50', 1),
('2016-03-30', 'Nº0171', NULL, 62, 7, 57, 65, '14.50', 1),
('2016-03-30', 'Nº0172', NULL, 63, 7, 57, 65, '14.50', 1),
('2016-03-30', 'Nº0173', NULL, 59, 7, 57, 66, '14.50', 1),
('2016-03-30', 'Nº0174', NULL, 69, 7, 57, 66, '14.50', 1),
('2016-03-30', 'Nº0175', NULL, 64, 7, 57, 66, '14.50', 1),
('2016-04-01', 'Nº0176', NULL, 64, 7, 57, 66, '14.50', 1),
('2016-04-01', 'Nº0177', NULL, 69, 7, 57, 66, '14.50', 1),
('2016-04-01', 'Nº0178', NULL, 59, 7, 57, 66, '14.50', 1),
('2016-04-01', 'Nº0179', NULL, 63, 7, 57, 66, '14.50', 1),
('2016-04-01', 'Nº0180', NULL, 62, 7, 57, 66, '14.50', 1),
('2016-04-01', 'Nº0181', NULL, 68, 7, 57, 66, '14.50', 1),
('2016-04-01', 'Nº0182', NULL, 67, 7, 57, 67, '14.50', 1),
('2016-04-01', 'Nº0183', NULL, 58, 7, 57, 67, '14.50', 1),
('2016-04-01', 'Nº0184', NULL, 57, 7, 57, 67, '14.50', 1),
('2016-04-01', 'Nº0185', NULL, 61, 7, 57, 67, '14.50', 1),
('2016-04-01', 'Nº0186', NULL, 60, 7, 57, 67, '14.50', 1),
('2016-04-01', 'Nº0187', NULL, 66, 7, 57, 67, '14.50', 1),
('2016-04-01', 'Nº0188', NULL, 65, 7, 57, 67, '14.50', 1),
('2016-04-01', 'Nº0189', NULL, 56, 7, 57, 67, '14.50', 1),
('2016-04-01', 'Nº0190', NULL, 55, 7, 57, 67, '14.50', 1),
('2016-04-02', 'Nº0191', NULL, 67, 7, 57, 68, '14.50', 1),
('2016-04-02', 'Nº0192', NULL, 68, 7, 57, 68, '14.50', 1),
('2016-04-02', 'Nº0193', NULL, 62, 7, 57, 68, '14.50', 1),
('2016-04-02', 'Nº0194', NULL, 63, 7, 57, 68, '14.50', 1),
('2016-04-02', 'Nº0195', NULL, 59, 7, 57, 68, '14.50', 1),
('2016-04-02', 'Nº0196', NULL, 69, 7, 57, 68, '14.50', 1),
('2016-04-02', 'Nº0197', NULL, 64, 7, 57, 68, '14.50', 1),
('2016-04-02', 'Nº0198', NULL, 55, 7, 57, 68, '14.50', 1),
('2016-04-02', 'Nº0199', NULL, 56, 7, 57, 68, '14.50', 1),
('2016-04-02', 'Nº0200', NULL, 65, 7, 57, 69, '14.50', 1),
('2016-04-02', 'Nº0201', NULL, 66, 7, 57, 69, '14.50', 1),
('2016-04-02', 'Nº0202', NULL, 60, 7, 57, 69, '14.50', 1),
('2016-04-02', 'Nº0203', NULL, 61, 7, 57, 69, '14.50', 1),
('2016-04-02', 'Nº0204', NULL, 57, 7, 57, 69, '14.50', 1),
('2016-04-02', 'Nº0205', NULL, 58, 7, 57, 69, '14.50', 1),
('2016-04-03', 'Nº0206', NULL, 58, 7, 57, 69, '14.50', 1),
('2016-04-03', 'Nº0207', NULL, 57, 7, 57, 69, '14.50', 1),
('2016-04-03', 'Nº0208', NULL, 61, 7, 57, 69, '14.50', 1),
('2016-04-03', 'Nº0209', NULL, 66, 7, 57, 69, '14.50', 1),
('2016-04-03', 'Nº0210', NULL, 60, 7, 57, 69, '14.50', 1),
('2016-04-08', 'Nº0211', NULL, 55, 5, 58, 53, '14.50', 1),
('2016-04-08', 'Nº0212', NULL, 56, 5, 58, 53, '14.50', 1),
('2016-04-08', 'Nº0213', NULL, 65, 5, 58, 53, '14.50', 1),
('2016-04-08', 'Nº0214', NULL, 66, 5, 58, 53, '14.50', 1),
('2016-04-08', 'Nº0215', NULL, 60, 5, 58, 53, '14.50', 1),
('2016-04-08', 'Nº0216', NULL, 61, 5, 58, 53, '14.50', 1),
('2016-04-08', 'Nº0217', NULL, 57, 5, 58, 59, '14.50', 1),
('2016-04-08', 'Nº0218', NULL, 58, 5, 58, 59, '14.50', 1),
('2016-04-08', 'Nº0219', NULL, 67, 5, 58, 59, '14.50', 1),
('2016-04-08', 'Nº0220', NULL, 68, 5, 58, 59, '14.50', 1),
('2016-04-08', 'Nº0221', NULL, 62, 5, 58, 59, '14.50', 1),
('2016-04-08', 'Nº0222', NULL, 63, 5, 58, 59, '14.50', 1),
('2016-04-08', 'Nº0223', NULL, 59, 5, 58, 60, '14.50', 1),
('2016-04-08', 'Nº0224', NULL, 69, 5, 58, 60, '14.50', 1),
('2016-04-08', 'Nº0225', NULL, 64, 5, 58, 60, '14.50', 1),
('2016-04-08', 'Nº0226', NULL, 55, 5, 58, 60, '14.50', 1),
('2016-04-08', 'Nº0227', NULL, 65, 5, 58, 60, '14.50', 1),
('2016-04-09', 'Nº0228', NULL, 64, 5, 58, 60, '14.50', 1),
('2016-04-09', 'Nº0229', NULL, 69, 5, 58, 61, '14.50', 1),
('2016-04-09', 'Nº0230', NULL, 59, 5, 58, 61, '14.50', 1),
('2016-04-09', 'Nº0231', NULL, 63, 5, 58, 61, '14.50', 1),
('2016-04-09', 'Nº0232', NULL, 62, 5, 58, 61, '14.50', 1),
('2016-04-09', 'Nº0233', NULL, 68, 5, 58, 61, '14.50', 1),
('2016-04-09', 'Nº0234', NULL, 67, 5, 58, 61, '14.50', 1),
('2016-04-09', 'Nº0235', NULL, 58, 5, 58, 62, '14.50', 1),
('2016-04-09', 'Nº0236', NULL, 57, 5, 58, 62, '14.50', 1),
('2016-04-09', 'Nº0237', NULL, 61, 5, 58, 62, '14.50', 1),
('2016-04-09', 'Nº0238', NULL, 60, 5, 58, 62, '14.50', 1),
('2016-04-09', 'Nº0239', NULL, 66, 5, 58, 62, '14.50', 1),
('2016-04-09', 'Nº0240', NULL, 65, 5, 58, 62, '14.50', 1),
('2016-04-09', 'Nº0241', NULL, 56, 5, 58, 63, '14.50', 1),
('2016-04-09', 'Nº0242', NULL, 55, 5, 58, 63, '14.50', 1),
('2016-04-09', 'Nº0243', NULL, 64, 5, 58, 63, '14.50', 1),
('2016-04-09', 'Nº0244', NULL, 59, 5, 58, 63, '14.50', 1),
('2016-04-10', 'Nº0245', NULL, 62, 5, 58, 63, '14.50', 1),
('2016-04-10', 'Nº0246', NULL, 67, 5, 58, 63, '14.50', 1),
('2016-04-10', 'Nº0247', NULL, 68, 5, 58, 64, '14.50', 1),
('2016-04-10', 'Nº0248', NULL, 63, 5, 58, 64, '14.50', 1),
('2016-04-10', 'Nº0249', NULL, 59, 5, 58, 64, '14.50', 1),
('2016-04-10', 'Nº0250', NULL, 69, 5, 58, 64, '14.50', 1),
('2016-04-10', 'Nº0251', NULL, 64, 5, 58, 64, '14.50', 1),
('2016-04-10', 'Nº0252', NULL, 55, 5, 58, 64, '14.50', 1),
('2016-04-10', 'Nº0253', NULL, 56, 5, 58, 65, '14.50', 1),
('2016-04-10', 'Nº0254', NULL, 65, 5, 58, 65, '14.50', 1),
('2016-04-10', 'Nº0255', NULL, 66, 5, 58, 65, '14.50', 1),
('2016-04-10', 'Nº0256', NULL, 60, 5, 58, 65, '14.50', 1),
('2016-04-10', 'Nº0257', NULL, 61, 5, 58, 65, '14.50', 1),
('2016-04-10', 'Nº0258', NULL, 57, 5, 58, 65, '14.50', 1),
('2016-04-10', 'Nº0259', NULL, 58, 5, 58, 66, '14.50', 1),
('2016-04-10', 'Nº0260', NULL, 62, 5, 58, 66, '14.50', 1),
('2016-04-10', 'Nº0261', NULL, 68, 5, 58, 66, '14.50', 1),
('2016-04-11', 'Nº0262', NULL, 58, 5, 58, 66, '14.50', 1),
('2016-04-11', 'Nº0263', NULL, 57, 5, 58, 66, '14.50', 1),
('2016-04-11', 'Nº0264', NULL, 61, 5, 58, 66, '14.50', 1),
('2016-04-11', 'Nº0265', NULL, 60, 5, 58, 67, '14.50', 1),
('2016-04-11', 'Nº0266', NULL, 66, 5, 58, 67, '14.50', 1),
('2016-04-11', 'Nº0267', NULL, 65, 5, 58, 67, '14.50', 1),
('2016-04-11', 'Nº0268', NULL, 56, 5, 58, 67, '14.50', 1),
('2016-04-11', 'Nº0269', NULL, 55, 5, 58, 67, '14.50', 1),
('2016-04-11', 'Nº0270', NULL, 67, 5, 58, 67, '14.50', 1),
('2016-04-11', 'Nº0271', NULL, 68, 5, 58, 68, '14.50', 1),
('2016-04-11', 'Nº0272', NULL, 62, 5, 58, 68, '14.50', 1),
('2016-04-11', 'Nº0273', NULL, 63, 5, 58, 68, '14.50', 1),
('2016-04-11', 'Nº0274', NULL, 59, 5, 58, 68, '14.50', 1),
('2016-04-11', 'Nº0275', NULL, 69, 5, 58, 68, '14.50', 1),
('2016-04-11', 'Nº0276', NULL, 64, 5, 58, 68, '14.50', 1),
('2016-04-11', 'Nº0277', NULL, 58, 5, 58, 69, '14.50', 1),
('2016-04-11', 'Nº0278', NULL, 61, 5, 58, 69, '14.50', 1),
('2016-04-12', 'Nº0280', NULL, 55, 5, 58, 69, '14.50', 1),
('2016-04-12', 'Nº0281', NULL, 56, 5, 58, 69, '14.50', 1),
('2016-04-12', 'Nº0282', NULL, 65, 5, 58, 69, '14.50', 1),
('2016-04-12', 'Nº0283', NULL, 66, 5, 58, 69, '14.50', 1),
('2016-04-12', 'Nº0284', NULL, 60, 5, 58, 53, '14.50', 1),
('2016-04-12', 'Nº0285', NULL, 61, 5, 58, 53, '14.50', 1),
('2016-04-12', 'Nº0286', NULL, 57, 5, 58, 53, '14.50', 1),
('2016-04-12', 'Nº0287', NULL, 58, 5, 58, 53, '14.50', 1),
('2016-04-12', 'Nº0288', NULL, 67, 5, 58, 53, '14.50', 1),
('2016-04-12', 'Nº0289', NULL, 68, 5, 58, 53, '14.50', 1),
('2016-04-12', 'Nº0290', NULL, 62, 5, 58, 59, '14.50', 1),
('2016-04-12', 'Nº0291', NULL, 63, 5, 58, 59, '14.50', 1),
('2016-04-12', 'Nº0292', NULL, 59, 5, 58, 59, '14.50', 1),
('2016-04-12', 'Nº0293', NULL, 69, 5, 58, 59, '14.50', 1),
('2016-04-12', 'Nº0294', NULL, 64, 5, 58, 59, '14.50', 1),
('2016-04-12', 'Nº0295', NULL, 55, 5, 58, 59, '14.50', 1),
('2016-04-12', 'Nº0296', NULL, 65, 5, 58, 60, '14.50', 1),
('2016-04-13', 'Nº0297', NULL, 64, 5, 58, 60, '14.50', 1),
('2016-04-13', 'Nº0298', NULL, 69, 5, 58, 60, '14.50', 1),
('2016-04-13', 'Nº0299', NULL, 55, 5, 58, 60, '14.50', 1),
('2016-04-13', 'Nº0300', NULL, 63, 5, 58, 60, '14.50', 1),
('2016-04-13', 'Nº0301', NULL, 62, 5, 58, 60, '14.50', 1),
('2016-04-13', 'Nº0302', NULL, 68, 5, 58, 61, '14.50', 1),
('2016-04-13', 'Nº0303', NULL, 67, 5, 58, 61, '14.50', 1),
('2016-04-13', 'Nº0304', NULL, 58, 5, 58, 61, '14.50', 1),
('2016-04-15', 'Nº0305', NULL, 57, 5, 58, 61, '14.50', 1),
('2016-04-13', 'Nº0306', NULL, 61, 5, 58, 61, '14.50', 1),
('2016-04-13', 'Nº0307', NULL, 60, 5, 58, 61, '14.50', 1),
('2016-04-13', 'Nº0308', NULL, 66, 5, 58, 62, '14.50', 1),
('2016-04-13', 'Nº0309', NULL, 65, 5, 58, 62, '14.50', 1),
('2016-04-13', 'Nº0310', NULL, 56, 5, 58, 62, '14.50', 1),
('2016-04-13', 'Nº0311', NULL, 55, 5, 58, 62, '14.50', 1),
('2016-04-13', 'Nº0312', NULL, 64, 5, 58, 62, '14.50', 1),
('2016-04-13', 'Nº0313', NULL, 59, 5, 58, 62, '14.50', 1),
('2016-04-14', 'Nº0314', NULL, 62, 5, 58, 63, '14.50', 1),
('2016-04-14', 'Nº0315', NULL, 67, 5, 58, 63, '14.50', 1),
('2016-04-14', 'Nº0316', NULL, 68, 5, 58, 63, '14.50', 1),
('2016-04-14', 'Nº0317', NULL, 63, 5, 58, 63, '14.50', 1),
('2016-04-14', 'Nº0318', NULL, 59, 5, 58, 63, '14.50', 1),
('2016-04-14', 'Nº0319', NULL, 69, 5, 58, 63, '14.50', 1),
('2016-04-14', 'Nº0320', NULL, 64, 5, 58, 64, '14.50', 1),
('2016-04-14', 'Nº0321', NULL, 55, 5, 58, 64, '14.50', 1),
('2016-04-14', 'Nº0322', NULL, 56, 5, 58, 64, '14.50', 1),
('2016-04-14', 'Nº0323', NULL, 65, 5, 58, 64, '14.50', 1),
('2016-04-14', 'Nº0324', NULL, 66, 5, 58, 64, '14.50', 1),
('2016-04-14', 'Nº0325', NULL, 60, 5, 58, 64, '14.50', 1),
('2016-04-14', 'Nº0326', NULL, 61, 5, 58, 65, '14.50', 1),
('2016-04-14', 'Nº0327', NULL, 57, 5, 58, 65, '14.50', 1),
('2016-04-14', 'Nº0328', NULL, 57, 5, 58, 65, '14.50', 1),
('2016-04-14', 'Nº0329', NULL, 62, 5, 58, 65, '14.50', 1),
('2016-04-14', 'Nº0330', NULL, 68, 5, 58, 65, '14.50', 1),
('2016-04-15', 'Nº0331', NULL, 58, 5, 58, 65, '14.50', 1),
('2016-04-15', 'Nº0332', NULL, 57, 5, 58, 66, '14.50', 1),
('2016-04-15', 'Nº0333', NULL, 61, 5, 58, 66, '14.50', 1),
('2016-04-15', 'Nº0334', NULL, 60, 5, 58, 66, '14.50', 1),
('2016-04-15', 'Nº0335', NULL, 66, 5, 58, 66, '14.50', 1),
('2016-04-15', 'Nº0336', NULL, 65, 5, 58, 66, '14.50', 1),
('2016-04-15', 'Nº0337', NULL, 56, 5, 58, 66, '14.50', 1),
('2016-04-15', 'Nº0338', NULL, 55, 5, 58, 67, '14.50', 1),
('2016-04-15', 'Nº0339', NULL, 67, 5, 58, 67, '14.50', 1),
('2016-04-15', 'Nº0340', NULL, 68, 5, 58, 67, '14.50', 1),
('2016-04-15', 'Nº0341', NULL, 62, 5, 58, 67, '14.50', 1),
('2016-04-15', 'Nº0342', NULL, 63, 5, 58, 67, '14.50', 1),
('2016-04-15', 'Nº0343', NULL, 59, 5, 58, 67, '14.50', 1),
('2016-04-15', 'Nº0344', NULL, 69, 5, 58, 68, '14.50', 1),
('2016-04-15', 'Nº0345', NULL, 64, 5, 58, 68, '14.50', 1),
('2016-04-15', 'Nº0346', NULL, 58, 5, 58, 68, '14.50', 1),
('2016-04-15', 'Nº0347', NULL, 61, 5, 58, 68, '14.50', 1),
('2016-04-16', 'Nº0348', NULL, 55, 5, 58, 68, '14.50', 1),
('2016-04-16', 'Nº0349', NULL, 56, 5, 58, 68, '14.50', 1),
('2016-04-15', 'Nº0350', NULL, 65, 5, 58, 69, '14.50', 1),
('2016-04-16', 'Nº0351', NULL, 66, 5, 58, 69, '14.50', 1),
('2016-04-16', 'Nº0352', NULL, 60, 5, 58, 69, '14.50', 1),
('2016-04-16', 'Nº0353', NULL, 61, 5, 58, 69, '14.50', 1),
('2016-04-16', 'Nº0354', NULL, 57, 5, 58, 69, '14.50', 1),
('2016-04-16', 'Nº0355', NULL, 58, 5, 58, 69, '14.50', 1),
('2016-04-16', 'Nº0356', NULL, 67, 5, 58, 53, '14.50', 1),
('2016-04-16', 'Nº0357', NULL, 68, 5, 58, 53, '14.50', 1),
('2016-04-16', 'Nº0358', NULL, 62, 5, 58, 53, '14.50', 1),
('2016-04-16', 'Nº0359', NULL, 63, 5, 58, 53, '14.50', 1),
('2016-04-16', 'Nº0360', NULL, 59, 5, 58, 53, '14.50', 1),
('2016-04-16', 'Nº0361', NULL, 69, 5, 58, 53, '14.50', 1),
('2016-04-16', 'Nº0362', NULL, 64, 5, 58, 59, '14.50', 1),
('2016-04-16', 'Nº0363', NULL, 55, 5, 58, 59, '14.50', 1),
('2016-04-16', 'Nº0364', NULL, 65, 5, 58, 59, '14.50', 1),
('2016-04-17', 'Nº0365', NULL, 64, 5, 58, 59, '14.50', 1),
('2016-04-17', 'Nº0366', NULL, 69, 5, 58, 59, '14.50', 1),
('2016-04-17', 'Nº0367', NULL, 59, 5, 58, 59, '14.50', 1),
('2016-04-17', 'Nº0368', NULL, 63, 5, 58, 60, '14.50', 1),
('2016-04-17', 'Nº0369', NULL, 62, 5, 58, 60, '14.50', 1),
('2016-04-17', 'Nº0370', NULL, 68, 5, 58, 60, '14.50', 1),
('2016-04-17', 'Nº0371', NULL, 67, 5, 58, 60, '14.50', 1),
('2016-04-17', 'Nº0372', NULL, 58, 5, 58, 60, '14.50', 1),
('2016-04-17', 'Nº0373', NULL, 57, 5, 58, 60, '14.50', 1),
('2016-04-17', 'Nº0374', NULL, 61, 5, 58, 61, '14.50', 1),
('2016-04-17', 'Nº0375', NULL, 60, 5, 58, 61, '14.50', 1),
('2016-04-17', 'Nº0376', NULL, 66, 5, 58, 61, '14.50', 1),
('2016-04-17', 'Nº0377', NULL, 65, 5, 58, 61, '14.50', 1),
('2016-04-17', 'Nº0378', NULL, 56, 5, 58, 61, '14.50', 1),
('2016-04-17', 'Nº0379', NULL, 55, 5, 58, 61, '14.50', 1),
('2016-04-17', 'Nº0380', NULL, 64, 5, 58, 62, '14.50', 1),
('2016-04-17', 'Nº0381', NULL, 59, 5, 58, 62, '14.50', 1),
('2016-04-18', 'Nº0382', NULL, 62, 5, 58, 62, '14.50', 1),
('2016-04-18', 'Nº0383', NULL, 67, 5, 58, 62, '14.50', 1),
('2016-04-18', 'Nº0384', NULL, 68, 5, 58, 62, '14.50', 1),
('2016-04-18', 'Nº0385', NULL, 63, 5, 58, 62, '14.50', 1),
('2016-04-18', 'Nº0386', NULL, 59, 5, 58, 63, '14.50', 1),
('2016-04-18', 'Nº0387', NULL, 69, 5, 58, 63, '14.50', 1),
('2016-04-18', 'Nº0388', NULL, 64, 5, 58, 63, '14.50', 1),
('2016-04-18', 'Nº0389', NULL, 55, 5, 58, 63, '14.50', 1),
('2016-04-18', 'Nº0390', NULL, 56, 5, 58, 63, '14.50', 1),
('2016-04-18', 'Nº0391', NULL, 65, 5, 58, 63, '14.50', 1),
('2016-04-18', 'Nº0392', NULL, 66, 5, 58, 64, '14.50', 1),
('2016-04-18', 'Nº0393', NULL, 60, 5, 58, 64, '14.50', 1),
('2016-04-18', 'Nº0394', NULL, 61, 5, 58, 64, '14.50', 1),
('2016-04-18', 'Nº0395', NULL, 57, 5, 58, 64, '14.50', 1),
('2016-04-18', 'Nº0396', NULL, 58, 5, 58, 64, '14.50', 1),
('2016-04-18', 'Nº0397', NULL, 62, 5, 58, 64, '14.50', 1),
('2016-04-18', 'Nº0398', NULL, 68, 5, 58, 65, '14.50', 1),
('2016-04-19', 'Nº0399', NULL, 58, 5, 58, 65, '14.50', 1),
('2016-04-19', 'Nº0400', NULL, 57, 5, 58, 65, '14.50', 1),
('2016-04-19', 'Nº0401', NULL, 61, 5, 58, 65, '14.50', 1),
('2016-04-19', 'Nº0402', NULL, 60, 5, 58, 65, '14.50', 1),
('2016-04-19', 'Nº0403', NULL, 66, 5, 58, 65, '14.50', 1),
('2016-04-19', 'Nº0404', NULL, 65, 5, 58, 66, '14.50', 1),
('2016-04-19', 'Nº0405', NULL, 56, 5, 58, 66, '14.50', 1),
('2016-04-19', 'Nº0406', NULL, 55, 5, 58, 66, '14.50', 1),
('2016-04-19', 'Nº0407', NULL, 67, 5, 58, 66, '14.50', 1),
('2016-04-19', 'Nº0408', NULL, 68, 5, 58, 66, '14.50', 1),
('2016-04-19', 'Nº0409', NULL, 62, 5, 58, 66, '14.50', 1),
('2016-04-19', 'Nº0410', NULL, 63, 5, 58, 67, '14.50', 1),
('2016-04-19', 'Nº0411', NULL, 59, 5, 58, 67, '14.50', 1),
('2016-04-19', 'Nº0412', NULL, 69, 5, 58, 67, '14.50', 1),
('2016-04-19', 'Nº0413', NULL, 64, 5, 58, 67, '14.50', 1),
('2016-04-19', 'Nº0414', NULL, 58, 5, 58, 67, '14.50', 1),
('2016-04-19', 'Nº0415', NULL, 61, 5, 58, 67, '14.50', 1),
('2016-04-20', 'Nº0416', NULL, 55, 5, 58, 68, '14.50', 1),
('2016-04-20', 'Nº0417', NULL, 56, 5, 58, 68, '14.50', 1),
('2016-04-20', 'Nº0418', NULL, 65, 5, 58, 68, '14.50', 1),
('2016-04-20', 'Nº0419', NULL, 66, 5, 58, 68, '14.50', 1),
('2016-04-20', 'Nº0420', NULL, 60, 5, 58, 68, '14.50', 1),
('2016-04-20', 'Nº0421', NULL, 61, 5, 58, 68, '14.50', 1),
('2016-04-20', 'Nº0422', NULL, 57, 5, 58, 69, '14.50', 1),
('2016-04-20', 'Nº0423', NULL, 58, 5, 58, 69, '14.50', 1),
('2016-04-20', 'Nº0424', NULL, 67, 5, 58, 69, '14.50', 1),
('2016-04-20', 'Nº0425', NULL, 68, 5, 58, 69, '14.50', 1),
('2016-04-20', 'Nº0426', NULL, 62, 5, 58, 69, '14.50', 1),
('2016-04-20', 'Nº0427', NULL, 63, 5, 58, 69, '14.50', 1),
('2016-04-20', 'Nº0428', NULL, 59, 5, 58, 59, '14.50', 1),
('2016-04-20', 'Nº0429', NULL, 69, 5, 58, 60, '14.50', 1),
('2016-04-26', 'Nº0430', NULL, 55, 3, 58, 53, '14.50', 1),
('2016-04-26', 'Nº0431', NULL, 56, 3, 58, 53, '14.50', 1),
('2016-04-26', 'Nº0432', NULL, 65, 3, 58, 59, '14.50', 1),
('2016-04-26', 'Nº0433', NULL, 66, 3, 58, 59, '14.50', 1),
('2016-04-26', 'Nº0434', NULL, 60, 3, 58, 60, '14.50', 1),
('2016-04-26', 'Nº0435', NULL, 61, 3, 58, 60, '14.50', 1),
('2016-04-26', 'Nº0436', NULL, 57, 3, 58, 61, '14.50', 1),
('2016-04-26', 'Nº0437', NULL, 58, 3, 58, 61, '14.50', 1),
('2016-04-26', 'Nº0438', NULL, 67, 3, 58, 62, '14.50', 1),
('2016-04-26', 'Nº0439', NULL, 68, 3, 58, 62, '14.50', 1),
('2016-04-26', 'Nº0440', NULL, 62, 3, 58, 63, '14.50', 1),
('2016-04-26', 'Nº0441', NULL, 63, 3, 58, 63, '14.50', 1),
('2016-04-26', 'Nº0442', 'viaje en 4 abscisas 540 a 570', 59, 3, 58, 53, '14.50', 1),
('2016-04-29', 'Nº0443', NULL, 69, 3, 58, 64, '14.50', 1),
('2016-04-29', 'Nº0444', NULL, 64, 3, 58, 64, '14.50', 1),
('2016-04-29', 'Nº0445', NULL, 59, 3, 58, 65, '14.50', 1),
('2016-04-29', 'Nº0446', NULL, 63, 3, 58, 65, '14.50', 1),
('2016-04-29', 'Nº0447', NULL, 62, 3, 58, 66, '14.50', 1),
('2016-04-29', 'Nº0448', NULL, 68, 3, 58, 66, '14.50', 1),
('2016-04-29', 'Nº0449', NULL, 67, 3, 58, 67, '14.50', 1),
('2016-04-29', 'Nº0450', NULL, 58, 3, 58, 67, '14.50', 1),
('2016-04-29', 'Nº0451', NULL, 57, 3, 58, 68, '14.50', 1),
('2016-04-29', 'Nº0452', NULL, 61, 3, 58, 68, '14.50', 1),
('2016-04-29', 'Nº0453', NULL, 60, 3, 58, 69, '14.50', 1),
('2016-04-29', 'Nº0454', NULL, 66, 3, 58, 69, '14.50', 1),
('2016-04-29', 'Nº0455', 'se descargo de la 580 a la 610', 63, 3, 58, 62, '14.50', 1),
('2016-04-29', 'Nº0456', 'se descargo de la 610 a la 650', 56, 3, 58, 65, '14.50', 1),
('2016-05-02', 'Nº0457', NULL, 62, 2, 58, 53, '14.50', 1),
('2016-05-02', 'Nº0458', NULL, 67, 2, 58, 53, '14.50', 1),
('2016-05-02', 'Nº0459', NULL, 68, 2, 58, 59, '14.50', 1),
('2016-05-02', 'Nº0460', NULL, 63, 2, 58, 59, '14.50', 1),
('2016-05-02', 'Nº0461', NULL, 59, 2, 58, 60, '14.50', 1),
('2016-05-02', 'Nº0462', NULL, 69, 2, 58, 60, '14.50', 1),
('2016-05-02', 'Nº0463', NULL, 64, 2, 58, 61, '14.50', 1),
('2016-05-02', 'Nº0464', NULL, 55, 2, 58, 61, '14.50', 1),
('2016-05-02', 'Nº0465', NULL, 56, 2, 58, 62, '14.50', 1),
('2016-05-02', 'Nº0466', NULL, 65, 2, 58, 62, '14.50', 1),
('2016-05-02', 'Nº0467', NULL, 66, 2, 58, 63, '14.50', 1),
('2016-05-02', 'Nº0471', NULL, 60, 2, 58, 63, '14.50', 1),
('2016-05-02', 'Nº0472', NULL, 61, 2, 58, 64, '14.50', 1),
('2016-05-02', 'Nº0473', NULL, 57, 2, 58, 64, '14.50', 1),
('2016-05-02', 'Nº0474', NULL, 58, 2, 58, 65, '14.50', 1),
('2016-05-03', 'Nº0475', NULL, 58, 2, 58, 65, '14.50', 1),
('2016-05-03', 'Nº0476', NULL, 57, 2, 58, 66, '14.50', 1),
('2016-05-03', 'Nº0477', NULL, 61, 2, 58, 66, '14.50', 1),
('2016-05-03', 'Nº0478', NULL, 60, 2, 58, 67, '14.50', 1),
('2016-05-03', 'Nº0479', NULL, 66, 2, 58, 67, '14.50', 1),
('2016-05-03', 'Nº0480', NULL, 65, 2, 58, 68, '14.50', 1),
('2016-05-03', 'Nº0481', NULL, 56, 2, 58, 68, '14.50', 1),
('2016-05-03', 'Nº0482', NULL, 55, 2, 58, 69, '14.50', 1),
('2016-05-03', 'Nº0483', NULL, 67, 2, 58, 69, '14.50', 1),
('2016-05-07', 'Nº0484', NULL, 68, 2, 58, 53, '14.50', 1),
('2016-05-07', 'Nº0485', NULL, 62, 2, 58, 59, '14.50', 1),
('2016-05-07', 'Nº0486', NULL, 63, 2, 58, 60, '14.50', 1),
('2016-05-07', 'Nº0487', NULL, 59, 2, 58, 61, '14.50', 1),
('2016-05-07', 'Nº0488', NULL, 69, 2, 58, 62, '14.50', 1),
('2016-05-07', 'Nº0490', NULL, 55, 2, 58, 64, '14.50', 1),
('2016-05-07', 'Nº0491', NULL, 56, 2, 58, 65, '14.50', 1),
('2016-05-07', 'Nº0492', NULL, 65, 2, 58, 66, '14.50', 1),
('2016-05-07', 'Nº0494', NULL, 60, 2, 58, 68, '14.50', 1),
('2016-05-07', 'Nº0495', NULL, 61, 2, 58, 69, '14.50', 1),
('2016-05-07', 'Nº0496', 'se utilizo entre l 540 a la 555', 57, 2, 58, 53, '14.50', 1),
('2016-05-07', 'Nº0497', 'se utilizo de la 555 a la 570', 58, 2, 58, 60, '14.50', 1),
('2016-05-07', 'Nº0498', 'se utilizo entre la 570 a la 585', 67, 2, 58, 61, '14.50', 1),
('2016-05-07', 'Nº0499', NULL, 62, 2, 58, 64, '14.50', 1),
('2016-05-07', 'Nº0500', 'se coloco entre la 600 y la 615', 59, 2, 58, 65, '14.50', 1),
('2016-05-07', 'Nº0501', 'se coloco entre la 615 a la 630', 55, 2, 58, 64, '14.50', 1),
('2016-05-07', 'Nº0502', 'se coloco entre la 630 a la 645', 65, 2, 58, 68, '14.50', 1),
('2016-05-07', 'Nº0503', NULL, 60, 2, 58, 69, '14.50', 1),
('2016-05-07', 'Nº0504', NULL, 57, 2, 58, 61, '14.50', 1),
('2016-03-22', 'Nº0505', NULL, 60, 6, 69, 55, '14.50', 1),
('2016-03-22', 'Nº0506', NULL, 61, 6, 69, 55, '14.50', 1),
('2016-03-22', 'Nº0507', NULL, 57, 6, 69, 55, '14.50', 1),
('2016-03-22', 'Nº0508', NULL, 58, 6, 69, 55, '14.50', 1),
('2016-03-22', 'Nº0509', NULL, 67, 6, 69, 55, '14.50', 1),
('2016-03-22', 'Nº0510', NULL, 68, 6, 69, 55, '14.50', 1),
('2016-03-22', 'Nº0511', NULL, 55, 6, 69, 55, '14.50', 1),
('2016-03-22', 'Nº0512', NULL, 56, 6, 69, 55, '14.50', 1),
('2016-05-19', 'Nº0513', NULL, 63, 4, 57, 53, '14.50', 1),
('2016-05-07', 'Nº0630', NULL, 66, 2, 58, 67, '14.50', 1);

--
-- Índices para tablas volcadas
--

--
-- Indices de la tabla `abscisas`
--
ALTER TABLE `abscisas`
  ADD PRIMARY KEY (`idAbscisa`),
  ADD UNIQUE KEY `nombre` (`nombre`);

--
-- Indices de la tabla `choferes`
--
ALTER TABLE `choferes`
  ADD PRIMARY KEY (`idChofer`);

--
-- Indices de la tabla `empresas`
--
ALTER TABLE `empresas`
  ADD PRIMARY KEY (`idEmpresa`);

--
-- Indices de la tabla `materiales`
--
ALTER TABLE `materiales`
  ADD PRIMARY KEY (`idMaterial`);

--
-- Indices de la tabla `obra`
--
ALTER TABLE `obra`
  ADD PRIMARY KEY (`idObra`);

--
-- Indices de la tabla `user`
--
ALTER TABLE `user`
  ADD PRIMARY KEY (`name`);

--
-- Indices de la tabla `vehiculos_transporte`
--
ALTER TABLE `vehiculos_transporte`
  ADD PRIMARY KEY (`idVehiculo`),
  ADD UNIQUE KEY `Choferes_idChofer` (`Choferes_idChofer`),
  ADD UNIQUE KEY `Choferes_idChofer_4` (`Choferes_idChofer`),
  ADD KEY `fk_Vehiculos_Transporte_Empresa1_idx` (`idEmpresa`),
  ADD KEY `fk_Vehiculos_Transporte_Choferes1_idx` (`Choferes_idChofer`),
  ADD KEY `Choferes_idChofer_2` (`Choferes_idChofer`),
  ADD KEY `Choferes_idChofer_3` (`Choferes_idChofer`),
  ADD KEY `Choferes_idChofer_5` (`Choferes_idChofer`),
  ADD KEY `Choferes_idChofer_6` (`Choferes_idChofer`);

--
-- Indices de la tabla `vehiculo_transporte_material`
--
ALTER TABLE `vehiculo_transporte_material`
  ADD PRIMARY KEY (`numeroRecibo`),
  ADD KEY `fk_Vehiculo_Transporte_Material_Vehiculos_Transporte1_idx` (`idVehiculo`),
  ADD KEY `fk_Vehiculo_Transporte_Material_Materiales1_idx` (`idMaterial`),
  ADD KEY `fk_vehiculo_transporte_material_abscisas1_idx` (`id_abscisa_cargue`),
  ADD KEY `fk_vehiculo_transporte_material_abscisas2_idx` (`id_abscisa_descargue`);

--
-- AUTO_INCREMENT de las tablas volcadas
--

--
-- AUTO_INCREMENT de la tabla `abscisas`
--
ALTER TABLE `abscisas`
  MODIFY `idAbscisa` int(11) NOT NULL AUTO_INCREMENT, AUTO_INCREMENT=70;
--
-- AUTO_INCREMENT de la tabla `choferes`
--
ALTER TABLE `choferes`
  MODIFY `idChofer` int(11) NOT NULL AUTO_INCREMENT, AUTO_INCREMENT=56;
--
-- AUTO_INCREMENT de la tabla `empresas`
--
ALTER TABLE `empresas`
  MODIFY `idEmpresa` int(11) NOT NULL AUTO_INCREMENT, AUTO_INCREMENT=21;
--
-- AUTO_INCREMENT de la tabla `materiales`
--
ALTER TABLE `materiales`
  MODIFY `idMaterial` int(11) NOT NULL AUTO_INCREMENT, AUTO_INCREMENT=8;
--
-- AUTO_INCREMENT de la tabla `obra`
--
ALTER TABLE `obra`
  MODIFY `idObra` int(11) NOT NULL AUTO_INCREMENT;
--
-- AUTO_INCREMENT de la tabla `vehiculos_transporte`
--
ALTER TABLE `vehiculos_transporte`
  MODIFY `idVehiculo` int(11) NOT NULL AUTO_INCREMENT, AUTO_INCREMENT=70;
--
-- Restricciones para tablas volcadas
--

--
-- Filtros para la tabla `vehiculos_transporte`
--
ALTER TABLE `vehiculos_transporte`
  ADD CONSTRAINT `fk_Vehiculos_Transporte_Choferes1` FOREIGN KEY (`Choferes_idChofer`) REFERENCES `choferes` (`idChofer`) ON DELETE NO ACTION ON UPDATE NO ACTION,
  ADD CONSTRAINT `fk_Vehiculos_Transporte_Empresa1` FOREIGN KEY (`idEmpresa`) REFERENCES `empresas` (`idEmpresa`) ON DELETE NO ACTION ON UPDATE NO ACTION;

--
-- Filtros para la tabla `vehiculo_transporte_material`
--
ALTER TABLE `vehiculo_transporte_material`
  ADD CONSTRAINT `fk_Vehiculo_Transporte_Material_Materiales1` FOREIGN KEY (`idMaterial`) REFERENCES `materiales` (`idMaterial`) ON DELETE NO ACTION ON UPDATE NO ACTION,
  ADD CONSTRAINT `fk_Vehiculo_Transporte_Material_Vehiculos_Transporte1` FOREIGN KEY (`idVehiculo`) REFERENCES `vehiculos_transporte` (`idVehiculo`) ON DELETE NO ACTION ON UPDATE NO ACTION,
  ADD CONSTRAINT `fk_vehiculo_transporte_material_abscisas1` FOREIGN KEY (`id_abscisa_cargue`) REFERENCES `abscisas` (`idAbscisa`) ON DELETE NO ACTION ON UPDATE NO ACTION,
  ADD CONSTRAINT `fk_vehiculo_transporte_material_abscisas2` FOREIGN KEY (`id_abscisa_descargue`) REFERENCES `abscisas` (`idAbscisa`) ON DELETE NO ACTION ON UPDATE NO ACTION;

/*!40101 SET CHARACTER_SET_CLIENT=@OLD_CHARACTER_SET_CLIENT */;
/*!40101 SET CHARACTER_SET_RESULTS=@OLD_CHARACTER_SET_RESULTS */;
/*!40101 SET COLLATION_CONNECTION=@OLD_COLLATION_CONNECTION */;
